{"objs":[{"pos":{"x":1.5,"y":0.5,"z":0.15000000596046449},"type":1},{"pos":{"x":-4.179999828338623,"y":0.800000011920929,"z":3.1600000858306886},"type":0}]}