{"objs":[{"pos":{"x":4.525179386138916,"y":1.0000004768371583,"z":2.127737045288086},"type":0},{"pos":{"x":-5.25,"y":0.5,"z":0.14000000059604646},"type":1},{"pos":{"x":-5.321974754333496,"y":0.5000010132789612,"z":-2.2859034538269045},"type":1},{"pos":{"x":4.409999847412109,"y":0.800000011920929,"z":-0.8299999833106995},"type":0}]}