{"objs":[{"pos":{"x":-0.07000000029802323,"y":3.299999952316284,"z":-0.05000000074505806},"type":1},{"pos":{"x":-0.10999999940395355,"y":0.5,"z":-0.27000001072883608},"type":1},{"pos":{"x":-0.09000000357627869,"y":4.730000019073486,"z":-0.10000000149011612},"type":0},{"pos":{"x":-0.07999999821186066,"y":1.9299999475479127,"z":-0.3100000023841858},"type":0}]}